job_role,skills
Data Scientist,Python SQL Machine Learning Statistics Pandas NumPy Data Visualization
Data Analyst,SQL Excel Python Data Visualization Statistics Tableau
Machine Learning Engineer,Python Machine Learning TensorFlow PyTorch Deep Learning Algorithms
DevOps Engineer,AWS Docker Kubernetes CI/CD Automation Linux Cloud Computing
Cloud Architect,AWS Azure Cloud Computing Networking Security Automation
Backend Developer,Java Python SQL APIs Data Structures System Design
Frontend Developer,JavaScript React HTML CSS Web Design UI/UX
Full Stack Developer,JavaScript React Node.js SQL APIs HTML CSS Python
Cybersecurity Analyst,Networking Security Linux Python Cryptography Risk Assessment
Backend Engineer,Java SQL APIs Data Structures Algorithms System Design Docker
Mobile App Developer,Java Kotlin Swift Mobile Development UI/UX APIs
Database Administrator,SQL Database Design Data Structures Linux Security Backup Recovery
AI Research Engineer,Python Machine Learning Deep Learning Research Mathematics Algorithms
Site Reliability Engineer,Linux Automation Cloud Computing Docker Kubernetes Monitoring CI/CD
Business Intelligence Analyst,SQL Excel Data Visualization Tableau Statistics Power BI
Software Test Engineer,Python Automation Testing Frameworks Algorithms Quality Assurance
Network Engineer,Networking Security Linux Cloud Computing System Design
Game Developer,C++ Algorithms Data Structures Game Engines Mathematics
Embedded Systems Engineer,C++ Hardware Microcontrollers Algorithms System Design
Product Manager,Communication Data Visualization Statistics Excel Project Management
